{
  "model": "logreg",
  "precision": 0.3333333333333333,
  "recall": 0.6,
  "f1": 0.42857142857142855,
  "roc_auc": 0.6533333333333333,
  "pr_auc": 0.4876082251082251,
  "confusion_matrix": [
    [
      9,
      6
    ],
    [
      2,
      3
    ]
  ],
  "n_test": 20,
  "n_pos_test": 5
}