{
  "model": "logreg",
  "precision": 0.8646616541353384,
  "recall": 0.8778625954198473,
  "f1": 0.8712121212121212,
  "roc_auc": 0.9294632818509971,
  "pr_auc": 0.9201316542487319,
  "confusion_matrix": [
    [
      111,
      18
    ],
    [
      16,
      115
    ]
  ],
  "n_test": 260,
  "n_pos_test": 131
}