{
  "model": "mlp",
  "precision": 0.9365079365079365,
  "recall": 0.45038167938931295,
  "f1": 0.6082474226804123,
  "roc_auc": 0.7128824190780519,
  "pr_auc": 0.705228560667492,
  "confusion_matrix": [
    [
      125,
      4
    ],
    [
      72,
      59
    ]
  ],
  "n_test": 260,
  "n_pos_test": 131
}