{
  "model": "random_forest",
  "precision": 0.8947368421052632,
  "recall": 0.9083969465648855,
  "f1": 0.9015151515151515,
  "roc_auc": 0.9564767145984969,
  "pr_auc": 0.9494291095207169,
  "confusion_matrix": [
    [
      115,
      14
    ],
    [
      12,
      119
    ]
  ],
  "n_test": 260,
  "n_pos_test": 131
}