{
  "model": "xgboost",
  "precision": 0.8914728682170543,
  "recall": 0.8778625954198473,
  "f1": 0.8846153846153846,
  "roc_auc": 0.9503520918397539,
  "pr_auc": 0.9364010497517219,
  "confusion_matrix": [
    [
      115,
      14
    ],
    [
      16,
      115
    ]
  ],
  "n_test": 260,
  "n_pos_test": 131
}