{
  "model": "xgboost",
  "precision": 0.5,
  "recall": 0.8,
  "f1": 0.6153846153846154,
  "roc_auc": 0.6933333333333334,
  "pr_auc": 0.3757142857142857,
  "confusion_matrix": [
    [
      11,
      4
    ],
    [
      1,
      4
    ]
  ],
  "n_test": 20,
  "n_pos_test": 5
}